{
  "naive_majority": {
    "car_type": {
      "accuracy": 0.22910216718266255,
      "top5_accuracy": 0.22910216718266255
    },
    "door_count": {
      "accuracy": 0.5768833849329206,
      "top5_accuracy": 0.5768833849329206
    },
    "seat_count": {
      "accuracy": 0.5758513931888545,
      "top5_accuracy": 0.5758513931888545
    }
  },
  "naive_random": {
    "car_type": {
      "accuracy": 0.2,
      "top5_accuracy": 1.0
    },
    "door_count": {
      "accuracy": 0.3333333333333333,
      "top5_accuracy": 1.0
    },
    "seat_count": {
      "accuracy": 0.3333333333333333,
      "top5_accuracy": 1.0
    }
  },
  "classical": {
    "car_type": {
      "accuracy": 0.4066047471620227,
      "top5_accuracy": 1.0,
      "mean_confidence": 0.3424057976545574
    },
    "door_count": {
      "accuracy": 0.6109391124871001,
      "top5_accuracy": 1.0,
      "mean_confidence": 0.5084730007639484
    },
    "seat_count": {
      "accuracy": 0.608875128998968,
      "top5_accuracy": 1.0,
      "mean_confidence": 0.5361221748645623
    }
  },
  "deep": {
    "car_type": {
      "accuracy": 0.7708978328173375,
      "top5_accuracy": 1.0,
      "mean_confidence": 0.799189009656601
    },
    "door_count": {
      "accuracy": 0.8194014447884417,
      "top5_accuracy": 1.0,
      "mean_confidence": 0.8420296854525036
    },
    "seat_count": {
      "accuracy": 0.8596491228070176,
      "top5_accuracy": 1.0,
      "mean_confidence": 0.859337461837428
    }
  },
  "robustness": {
    "gaussian_noise_0.05": 0.7048503611971104,
    "gaussian_noise_0.1": 0.5789473684210527,
    "gaussian_noise_0.2": 0.3457172342621259,
    "mean_corruption_accuracy": 0.543171654626763
  },
  "head_tail": {
    "head_accuracy": 0.9047619047619048,
    "tail_accuracy": 0.6542553191489362,
    "gap": 0.25050658561296857,
    "per_class": {
      "sedan": 0.6542553191489362,
      "suv": 0.8202247191011236,
      "mpv": 0.9047619047619048,
      "coupe": 0.8018018018018018,
      "hatchback": 0.671875
    }
  },
  "error_cases": [
    {
      "test_index": 3893,
      "true_label": "sedan",
      "predicted": "mpv",
      "confidence": 0.7313,
      "task": "car_type"
    },
    {
      "test_index": 1212,
      "true_label": "hatchback",
      "predicted": "sedan",
      "confidence": 0.8206,
      "task": "car_type"
    },
    {
      "test_index": 2374,
      "true_label": "mpv",
      "predicted": "hatchback",
      "confidence": 0.3262,
      "task": "car_type"
    },
    {
      "test_index": 1318,
      "true_label": "hatchback",
      "predicted": "coupe",
      "confidence": 0.4257,
      "task": "car_type"
    },
    {
      "test_index": 206,
      "true_label": "coupe",
      "predicted": "sedan",
      "confidence": 0.7968,
      "task": "car_type"
    },
    {
      "test_index": 4161,
      "true_label": "suv",
      "predicted": "coupe",
      "confidence": 0.367,
      "task": "car_type"
    },
    {
      "test_index": 3238,
      "true_label": "sedan",
      "predicted": "suv",
      "confidence": 0.3262,
      "task": "car_type"
    },
    {
      "test_index": 1891,
      "true_label": "hatchback",
      "predicted": "sedan",
      "confidence": 0.4597,
      "task": "car_type"
    },
    {
      "test_index": 1895,
      "true_label": "hatchback",
      "predicted": "sedan",
      "confidence": 0.623,
      "task": "car_type"
    },
    {
      "test_index": 3304,
      "true_label": "sedan",
      "predicted": "hatchback",
      "confidence": 0.571,
      "task": "car_type"
    },
    {
      "test_index": 3279,
      "true_label": "sedan",
      "predicted": "coupe",
      "confidence": 0.7472,
      "task": "car_type"
    },
    {
      "test_index": 4589,
      "true_label": "suv",
      "predicted": "mpv",
      "confidence": 0.475,
      "task": "car_type"
    },
    {
      "test_index": 3303,
      "true_label": "sedan",
      "predicted": "coupe",
      "confidence": 0.7257,
      "task": "car_type"
    },
    {
      "test_index": 647,
      "true_label": "coupe",
      "predicted": "sedan",
      "confidence": 0.5748,
      "task": "car_type"
    },
    {
      "test_index": 1249,
      "true_label": "hatchback",
      "predicted": "coupe",
      "confidence": 0.8355,
      "task": "car_type"
    }
  ],
  "meta": {
    "dataset": "Real car photos (Bing Image Search via icrawler) - 4869 images, 5 classes",
    "n_train": 3895,
    "n_test": 969,
    "img_size": 224,
    "feature_dim": 50,
    "deep_backbone": "MobileNetV2",
    "deep_epochs": 80,
    "eval_date": "2026-07-06 10:09:33",
    "demo_samples": {
      "true_labels": [
        "sedan",
        "suv",
        "mpv",
        "coupe",
        "hatchback"
      ],
      "classical_predictions": [
        "suv",
        "suv",
        "mpv",
        "coupe",
        "hatchback"
      ],
      "deep_predictions": [
        "sedan",
        "suv",
        "mpv",
        "coupe",
        "hatchback"
      ],
      "deep_confidences": [
        0.9812613725662231,
        0.9790209531784058,
        0.9729076027870178,
        0.9680227041244507,
        0.9721398949623108
      ]
    }
  },
  "confidence_gating": {
    "0.2": {
      "coverage": 1.0,
      "accuracy": 0.7708978328173375
    },
    "0.3": {
      "coverage": 0.9958720330237358,
      "accuracy": 0.7740932642487046
    },
    "0.4": {
      "coverage": 0.9597523219814241,
      "accuracy": 0.7967741935483871
    },
    "0.5": {
      "coverage": 0.8895768833849329,
      "accuracy": 0.8236658932714617
    },
    "0.6": {
      "coverage": 0.8142414860681114,
      "accuracy": 0.8580481622306717
    },
    "0.7": {
      "coverage": 0.7554179566563467,
      "accuracy": 0.8838797814207651
    },
    "0.8": {
      "coverage": 0.6480908152734778,
      "accuracy": 0.9251592356687898
    }
  },
  "data_size_sensitivity": {
    "comparison": {
      "small_dataset": {
        "n_images": 100,
        "deep_car_type_accuracy": 0.55,
        "deep_door_count_accuracy": 0.65,
        "deep_seat_count_accuracy": 0.65
      },
      "large_dataset": {
        "n_images": 4869,
        "deep_car_type_accuracy": 0.7708978328173375,
        "deep_door_count_accuracy": 0.8194014447884417,
        "deep_seat_count_accuracy": 0.8596491228070176
      }
    },
    "note": "Scaling from 100 to 4869 real images improved car_type accuracy from 0.55 to 0.77 (+22%)."
  }
}